,Arithmancy,Astronomy,Herbology,Defense Against the Dark Arts,Divination,Muggle Studies,Ancient Runes,History of Magic,Transfiguration,Potions,Care of Magical Creatures,Charms,Flying
Gryffindor,0.1194440373531521,0.6117962481158752,-1.6263081510887178,0.15395294288801212,0.42273086740736204,-0.30757340155340335,1.2963107824465117,-0.8224888438977923,-1.5956737350871095,-0.31646202440690135,-0.10149410998038763,-0.6179313833492649,2.147286876181095
Hufflepuff,0.3096046586388807,1.8540520651636474,1.5225969199309564,-0.7205796746425609,0.4662071514132177,-0.31861809660045376,-1.5890465189544365,0.7076882780600549,0.623425307672576,-0.015100029968247075,0.04059747459718174,-0.3621839997827876,-0.2028103541726348
Ravenclaw,0.5061726480653822,-0.6794472512093204,0.6377091568537548,0.8701701829857301,0.19684193599708155,2.6750934333714897,1.3610348198639954,0.14316341509880062,0.4439752365556583,-0.05149033236195897,-0.022474128085249918,1.4664781803958913,0.18955327571870925
Slytherin,-0.06603976936258012,-1.0148173074318783,-1.7808902879743453,1.5333507697645494,-4.146378732239991,0.16599504645871202,-1.642054203355651,-0.8819034028071889,1.718255703600888,1.2567940791007528,-0.01895222544116728,-2.3858060073215612,-0.6364779516617738
